archive_date,market_open,market_high,market_low,market_close,market_volume,market_ticker,macro_open,macro_high,macro_low,macro_close,indicators_rsi,indicators_sma,indicators_ema
2025-11-13,70.5,70.54,69.845,69.85,4174730.0,USO,,,,,62.5786,114.2701,114.6296
2025-11-13,118.63,119.76,118.28,118.79,17291874.0,XOM,,,,,62.5786,114.2701,114.6296
2025-11-13,90.54,91.3,90.075,90.48,16121910.0,XLE,,,,,62.5786,114.2701,114.6296
2025-11-13,154.0,156.2025,153.93,155.58,7998740.0,CVX,,,,,62.5786,114.2701,114.6296
2025-11-13,76.44,76.82,75.665,75.92,4360533.0,SHEL,,,,,62.5786,114.2701,114.6296
2025-11-13,36.925,37.03,36.3719,36.49,5988946.0,BP,,,,,62.5786,114.2701,114.6296
2025-11-14,90.96,92.22,89.815,92.02,17089864.0,XLE,,,,,66.2547,114.5782,115.1425
2025-11-14,156.23,157.95,154.81,157.62,8484812.0,CVX,,,,,66.2547,114.5782,115.1425
2025-11-14,71.32,71.9573,71.13,71.38,4159910.0,USO,,,,,66.2547,114.5782,115.1425
2025-11-14,118.45,119.48,116.6564,119.29,17064267.0,XOM,,,,,66.2547,114.5782,115.1425
2025-11-14,36.02,36.53,35.9,36.53,7048120.0,BP,,,,,66.2547,114.5782,115.1425
2025-11-14,74.97,75.88,74.87,75.76,4219442.0,SHEL,,,,,66.2547,114.5782,115.1425
2025-11-17,157.72,157.89,154.435,154.82,8744980.0,CVX,,,,,59.5663,114.836,115.3737
2025-11-17,71.6,71.78,71.285,71.3,3647372.0,USO,,,,,59.5663,114.836,115.3737
2025-11-17,36.53,36.99,36.44,36.5,9067016.0,BP,,,,,59.5663,114.836,115.3737
2025-11-17,118.97,119.5,117.11,117.68,16034860.0,XOM,,,,,59.5663,114.836,115.3737
2025-11-17,91.91,91.94,89.98,90.34,18723669.0,XLE,,,,,59.5663,114.836,115.3737
2025-11-17,75.37,75.95,75.08,75.4,4304263.0,SHEL,,,,,59.5663,114.836,115.3737
2025-11-18,89.95,91.3,89.7,91.06,17419954.0,XLE,,,,,62.9442,115.0898,115.753
2025-11-18,71.32,72.68,70.91,72.5,5342950.0,USO,,,,,62.9442,115.0898,115.753
2025-11-18,35.94,36.765,35.92,36.69,8211815.0,BP,,,,,62.9442,115.0898,115.753
2025-11-18,117.26,119.48,116.48,119.03,15808518.0,XOM,,,,,62.9442,115.0898,115.753
2025-11-18,152.5,154.28,151.76,153.62,10813365.0,CVX,,,,,62.9442,115.0898,115.753
2025-11-18,74.16,75.52,74.01,75.31,5506234.0,SHEL,,,,,62.9442,115.0898,115.753
2025-11-19,73.36,73.755,73.26,73.67,5737472.0,SHEL,,,,,56.6064,115.3481,115.8591
2025-11-19,116.85,118.18,115.93,117.35,15919239.0,XOM,,,,,56.6064,115.3481,115.8591
2025-11-19,35.65,35.98,35.62,35.95,7181082.0,BP,,,,,56.6064,115.3481,115.8591
2025-11-19,151.16,151.955,150.25,151.7,7539905.0,CVX,,,,,56.6064,115.3481,115.8591
2025-11-19,89.45,90.165,88.82,89.88,20531369.0,XLE,,,,,56.6064,115.3481,115.8591
2025-11-19,70.48,70.91,70.11,70.88,4790201.0,USO,,,,,56.6064,115.3481,115.8591
2025-11-20,73.99,74.61,73.21,73.21,4992140.0,SHEL,,,,,55.4259,115.6063,115.9075
2025-11-20,71.27,71.791,70.02,70.15,5542189.0,USO,,,,,55.4259,115.6063,115.9075
2025-11-20,36.05,36.405,35.63,35.72,7073554.0,BP,,,,,55.4259,115.6063,115.9075
2025-11-20,117.98,119.005,116.74,117.02,14401011.0,XOM,,,,,55.4259,115.6063,115.9075
2025-11-20,152.54,153.035,150.045,150.31,7623448.0,CVX,,,,,55.4259,115.6063,115.9075
2025-11-20,90.34,91.565,88.79,88.86,20815023.0,XLE,,,,,55.4259,115.6063,115.9075
2025-11-21,69.27,69.53,68.58,69.3,7120456.0,USO,0.8673,0.8702,0.8654,0.8685,55.6071,115.9109,115.9573
2025-11-21,35.53,36.11,35.395,35.98,8785353.0,BP,0.8673,0.8702,0.8654,0.8685,55.6071,115.9109,115.9573
2025-11-21,116.99,117.38,115.65,117.08,15667596.0,XOM,0.8673,0.8702,0.8654,0.8685,55.6071,115.9109,115.9573
2025-11-21,73.02,73.45,72.7,73.27,4574428.0,SHEL,0.8673,0.8702,0.8654,0.8685,55.6071,115.9109,115.9573
2025-11-21,150.435,151.01,148.75,149.98,9248445.0,CVX,0.8673,0.8702,0.8654,0.8685,55.6071,115.9109,115.9573
2025-11-21,89.01,89.81,88.07,89.42,19658610.0,XLE,0.8673,0.8702,0.8654,0.8685,55.6071,115.9109,115.9573
2025-11-24,35.64,35.965,35.42,35.91,6694710.0,BP,0.8685,0.8693,0.8657,0.8679,51.4392,116.11,115.8535
2025-11-24,89.32,89.45,87.79,89.17,16840899.0,XLE,0.8685,0.8693,0.8657,0.8679,51.4392,116.11,115.8535
2025-11-24,149.82,150.12,147.74,149.75,14181131.0,CVX,0.8685,0.8693,0.8657,0.8679,51.4392,116.11,115.8535
2025-11-24,117.2,117.2,114.74,115.97,18034923.0,XOM,0.8685,0.8693,0.8657,0.8679,51.4392,116.11,115.8535
2025-11-24,72.84,73.35,72.46,73.23,3535462.0,SHEL,0.8685,0.8693,0.8657,0.8679,51.4392,116.11,115.8535
2025-11-24,69.27,70.59,68.85,70.42,4551343.0,USO,0.8685,0.8693,0.8657,0.8679,51.4392,116.11,115.8535
2025-11-25,68.95,69.49,68.26,69.25,5888764.0,USO,0.8679,0.8687,0.863,0.8642,46.502,116.238,115.5702
2025-11-25,88.47,88.96,87.875,88.61,14649462.0,XLE,0.8679,0.8687,0.863,0.8642,46.502,116.238,115.5702
2025-11-25,148.895,149.9,148.27,148.53,11447942.0,CVX,0.8679,0.8687,0.863,0.8642,46.502,116.238,115.5702
2025-11-25,35.77,35.945,35.505,35.69,5403416.0,BP,0.8679,0.8687,0.863,0.8642,46.502,116.238,115.5702
2025-11-25,73.17,73.44,72.75,72.8,5421724.0,SHEL,0.8679,0.8687,0.863,0.8642,46.502,116.238,115.5702
2025-11-25,115.18,115.9,114.19,114.51,14434558.0,XOM,0.8679,0.8687,0.863,0.8642,46.502,116.238,115.5702
2025-11-26,35.83,36.11,35.795,35.93,3990497.0,BP,0.8642,0.866,0.8619,0.8623,47.469,116.3266,115.3591
2025-11-26,69.07,70.19,69.05,70.04,3201792.0,USO,0.8642,0.866,0.8619,0.8623,47.469,116.3266,115.3591
2025-11-26,148.26,150.46,148.2,149.51,7578938.0,CVX,0.8642,0.866,0.8619,0.8623,47.469,116.3266,115.3591
2025-11-26,73.15,73.67,73.12,73.41,3504885.0,SHEL,0.8642,0.866,0.8619,0.8623,47.469,116.3266,115.3591
2025-11-26,114.41,115.7391,114.31,114.77,11650597.0,XOM,0.8642,0.866,0.8619,0.8623,47.469,116.3266,115.3591
2025-11-26,88.59,89.915,88.51,89.28,13305515.0,XLE,0.8642,0.866,0.8619,0.8623,47.469,116.3266,115.3591
2025-11-28,73.39,74.09,73.37,73.77,1682586.0,SHEL,0.8624,0.8654,0.8613,0.8623,51.6331,116.3056,115.3284
2025-11-28,149.455,151.52,149.2622,151.13,3848568.0,CVX,0.8624,0.8654,0.8613,0.8623,51.6331,116.3056,115.3284
2025-11-28,89.33,90.835,89.195,90.45,8333313.0,XLE,0.8624,0.8654,0.8613,0.8623,51.6331,116.3056,115.3284
2025-11-28,70.44,71.3,70.44,71.07,3363812.0,USO,0.8624,0.8654,0.8613,0.8623,51.6331,116.3056,115.3284
2025-11-28,35.82,36.21,35.8,36.1,2879519.0,BP,0.8624,0.8654,0.8613,0.8623,51.6331,116.3056,115.3284
2025-11-28,114.95,118.74,114.82,115.92,7240825.0,XOM,0.8624,0.8654,0.8613,0.8623,51.6331,116.3056,115.3284
2025-12-01,151.75,153.95,151.5,152.54,8208972.0,CVX,0.8623,0.8628,0.8581,0.8613,54.0547,116.2646,115.3959
2025-12-01,90.58,91.82,90.51,91.32,15575036.0,XLE,0.8623,0.8628,0.8581,0.8613,54.0547,116.2646,115.3959
2025-12-01,70.61,71.33,70.61,71.06,4462822.0,USO,0.8623,0.8628,0.8581,0.8613,54.0547,116.2646,115.3959
2025-12-01,36.39,36.72,36.34,36.51,4773756.0,BP,0.8623,0.8628,0.8581,0.8613,54.0547,116.2646,115.3959
2025-12-01,74.18,74.895,74.14,74.31,3304283.0,SHEL,0.8623,0.8628,0.8581,0.8613,54.0547,116.2646,115.3959
2025-12-01,116.1,117.41,116.1,116.63,12658100.0,XOM,0.8623,0.8628,0.8581,0.8613,54.0547,116.2646,115.3959
2025-12-02,36.48,36.515,36.175,36.36,3689402.0,BP,0.8613,0.8627,0.86,0.8603,49.3683,116.0252,115.2888
2025-12-02,91.18,91.18,89.685,90.14,16652460.0,XLE,0.8613,0.8627,0.86,0.8603,49.3683,116.0252,115.2888
2025-12-02,70.54,71.04,69.72,70.2,6339600.0,USO,0.8613,0.8627,0.86,0.8603,49.3683,116.0252,115.2888
2025-12-02,74.23,74.321,73.57,73.96,3716093.0,SHEL,0.8613,0.8627,0.86,0.8603,49.3683,116.0252,115.2888
2025-12-02,152.02,152.46,149.26,150.25,9196311.0,CVX,0.8613,0.8627,0.86,0.8603,49.3683,116.0252,115.2888
2025-12-02,116.44,116.6,114.69,115.38,14607704.0,XOM,0.8613,0.8627,0.86,0.8603,49.3683,116.0252,115.2888
2025-12-03,151.04,152.503,150.975,151.59,8060175.0,CVX,0.8601,0.8604,0.8563,0.8567,57.1192,116.0742,115.5164
2025-12-03,90.75,91.99,90.62,91.83,15086985.0,XLE,0.8601,0.8604,0.8563,0.8567,57.1192,116.0742,115.5164
2025-12-03,70.75,71.3,70.37,70.66,3173580.0,USO,0.8601,0.8604,0.8563,0.8567,57.1192,116.0742,115.5164
2025-12-03,36.69,37.26,36.69,37.24,5559317.0,BP,0.8601,0.8604,0.8563,0.8567,57.1192,116.0742,115.5164
2025-12-03,74.51,75.12,74.51,75.12,3818739.0,SHEL,0.8601,0.8604,0.8563,0.8567,57.1192,116.0742,115.5164
2025-12-03,115.945,117.98,115.875,117.8,16819130.0,XOM,0.8601,0.8604,0.8563,0.8567,57.1192,116.0742,115.5164
2025-12-04,117.5,118.34,116.66,117.14,13686897.0,XOM,0.8568,0.859,0.8559,0.8587,54.6616,116.0293,115.6263
2025-12-04,91.78,92.365,91.51,92.22,11899849.0,XLE,0.8568,0.859,0.8559,0.8587,54.6616,116.0293,115.6263
2025-12-04,74.83,75.1764,74.2945,74.5,3698887.0,SHEL,0.8568,0.859,0.8559,0.8587,54.6616,116.0293,115.6263
2025-12-04,151.75,152.94,151.2215,152.26,7254724.0,CVX,0.8568,0.859,0.8559,0.8587,54.6616,116.0293,115.6263
2025-12-04,37.01,37.44,36.97,37.23,7953693.0,BP,0.8568,0.859,0.8559,0.8587,54.6616,116.0293,115.6263
2025-12-04,70.65,71.76,70.345,71.39,3957519.0,USO,0.8568,0.859,0.8559,0.8587,54.6616,116.0293,115.6263
2025-12-05,152.0,152.63,149.83,150.0,12659762.0,CVX,0.8587,0.8599,0.8567,0.8589,52.452,115.8342,115.6421
2025-12-05,71.33,72.34,71.31,71.92,4323622.0,USO,0.8587,0.8599,0.8567,0.8589,52.452,115.8342,115.6421
2025-12-05,116.75,118.775,116.41,116.54,12516864.0,XOM,0.8587,0.8599,0.8567,0.8589,52.452,115.8342,115.6421
2025-12-05,46.03,46.66,45.91,45.92,21726505.0,XLE,0.8587,0.8599,0.8567,0.8589,52.452,115.8342,115.6421
2025-12-05,36.2,36.725,35.79,35.83,12361992.0,BP,0.8587,0.8599,0.8567,0.8589,52.452,115.8342,115.6421
2025-12-05,73.59,74.065,72.98,73.01,4610019.0,SHEL,0.8587,0.8599,0.8567,0.8589,52.452,115.8342,115.6421
2025-12-08,35.83,36.095,35.705,35.78,8207122.0,BP,0.8584,0.8608,0.8566,0.8592,50.4042,115.7136,115.5817
2025-12-08,115.83,117.0,115.04,115.98,14856756.0,XOM,0.8584,0.8608,0.8566,0.8592,50.4042,115.7136,115.5817
2025-12-08,149.25,150.073,147.66,148.71,10078439.0,CVX,0.8584,0.8608,0.8566,0.8592,50.4042,115.7136,115.5817
2025-12-08,45.66,45.92,45.27,45.42,27762750.0,XLE,0.8584,0.8608,0.8566,0.8592,50.4042,115.7136,115.5817
2025-12-08,73.095,73.61,72.67,72.7,3774498.0,SHEL,0.8584,0.8608,0.8566,0.8592,50.4042,115.7136,115.5817
2025-12-08,70.82,71.18,70.265,70.49,3021329.0,USO,0.8584,0.8608,0.8566,0.8592,50.4042,115.7136,115.5817
2025-12-09,70.38,70.42,69.66,69.86,3105419.0,USO,0.8593,0.8609,0.8578,0.86,57.6262,115.6583,115.8299
2025-12-09,116.9,120.47,116.89,118.25,23781621.0,XOM,0.8593,0.8609,0.8578,0.86,57.6262,115.6583,115.8299
2025-12-09,45.5,46.08,45.46,45.7,20809121.0,XLE,0.8593,0.8609,0.8578,0.86,57.6262,115.6583,115.8299
2025-12-09,73.06,73.4,72.52,72.55,2713214.0,SHEL,0.8593,0.8609,0.8578,0.86,57.6262,115.6583,115.8299
2025-12-09,35.79,36.0181,35.52,35.55,5698276.0,BP,0.8593,0.8609,0.8578,0.86,57.6262,115.6583,115.8299
2025-12-09,149.05,150.1,148.22,148.49,8582393.0,CVX,0.8593,0.8609,0.8578,0.86,57.6262,115.6583,115.8299
2025-12-10,69.43,70.7,69.125,70.54,8095997.0,USO,0.86,0.8604,0.8545,0.8549,61.0935,115.8137,116.2158
2025-12-10,35.54,35.975,35.42,35.88,6045745.0,BP,0.86,0.8604,0.8545,0.8549,61.0935,115.8137,116.2158
2025-12-10,118.725,119.865,118.37,119.54,19845192.0,XOM,0.86,0.8604,0.8545,0.8549,61.0935,115.8137,116.2158
2025-12-10,72.64,73.045,72.285,72.88,3396839.0,SHEL,0.86,0.8604,0.8545,0.8549,61.0935,115.8137,116.2158
2025-12-10,149.175,151.8,148.7,151.41,10976295.0,CVX,0.86,0.8604,0.8545,0.8549,61.0935,115.8137,116.2158
2025-12-10,45.84,46.27,45.63,46.18,26255067.0,XLE,0.86,0.8604,0.8545,0.8549,61.0935,115.8137,116.2158
2025-12-11,68.59,69.2851,68.31,69.25,8487465.0,USO,0.8548,0.8559,0.8501,0.8519,61.0935,115.9924,116.5503
2025-12-11,119.11,120.36,119.065,119.54,14781787.0,XOM,0.8548,0.8559,0.8501,0.8519,61.0935,115.9924,116.5503
2025-12-11,72.68,73.165,72.64,72.86,3556691.0,SHEL,0.8548,0.8559,0.8501,0.8519,61.0935,115.9924,116.5503
2025-12-11,45.9,46.245,45.84,45.96,25664929.0,XLE,0.8548,0.8559,0.8501,0.8519,61.0935,115.9924,116.5503
2025-12-11,150.83,151.94,150.1,150.72,8414160.0,CVX,0.8548,0.8559,0.8501,0.8519,61.0935,115.9924,116.5503
2025-12-11,35.72,35.885,35.46,35.53,6257914.0,BP,0.8548,0.8559,0.8501,0.8519,61.0935,115.9924,116.5503
2025-12-12,68.87,69.125,68.47,68.81,5306042.0,USO,0.8518,0.8532,0.851,0.8517,58.0203,116.1159,116.7448
2025-12-12,119.44,119.92,118.31,118.82,14459538.0,XOM,0.8518,0.8532,0.851,0.8517,58.0203,116.1159,116.7448
2025-12-12,35.46,35.51,35.03,35.26,6524852.0,BP,0.8518,0.8532,0.851,0.8517,58.0203,116.1159,116.7448
2025-12-12,151.15,151.55,149.63,149.99,5848050.0,CVX,0.8518,0.8532,0.851,0.8517,58.0203,116.1159,116.7448
2025-12-12,72.4,72.57,71.865,72.33,3693241.0,SHEL,0.8518,0.8532,0.851,0.8517,58.0203,116.1159,116.7448
2025-12-12,46.045,46.235,45.39,45.51,32059898.0,XLE,0.8518,0.8532,0.851,0.8517,58.0203,116.1159,116.7448
2025-12-15,149.84,150.1,148.43,149.8,7502951.0,CVX,0.8514,0.8527,0.8496,0.8507,53.7349,116.2429,116.7731
2025-12-15,45.61,45.61,44.82,45.19,27338430.0,XLE,0.8514,0.8527,0.8496,0.8507,53.7349,116.2429,116.7731
2025-12-15,119.01,119.03,116.85,117.76,16358669.0,XOM,0.8514,0.8527,0.8496,0.8507,53.7349,116.2429,116.7731
2025-12-15,35.53,35.53,34.96,35.25,6062575.0,BP,0.8514,0.8527,0.8496,0.8507,53.7349,116.2429,116.7731
2025-12-15,68.49,68.53,67.61,67.89,6298849.0,USO,0.8514,0.8527,0.8496,0.8507,53.7349,116.2429,116.7731
2025-12-15,72.79,72.85,71.9045,72.23,3934013.0,SHEL,0.8514,0.8527,0.8496,0.8507,53.7349,116.2429,116.7731
2025-12-16,44.83,44.85,43.77,43.81,48449300.0,XLE,0.8508,0.8521,0.8471,0.8513,43.6469,116.2549,116.3896
2025-12-16,66.75,66.78,65.985,66.17,6816102.0,USO,0.8508,0.8521,0.8471,0.8513,43.6469,116.2549,116.3896
2025-12-16,34.46,34.545,33.74,33.76,11885388.0,BP,0.8508,0.8521,0.8471,0.8513,43.6469,116.2549,116.3896
2025-12-16,148.54,148.82,146.49,146.75,11290538.0,CVX,0.8508,0.8521,0.8471,0.8513,43.6469,116.2549,116.3896
2025-12-16,116.765,116.84,114.61,114.68,17638716.0,XOM,0.8508,0.8521,0.8471,0.8513,43.6469,116.2549,116.3896
2025-12-16,71.16,71.28,70.115,70.46,5381812.0,SHEL,0.8508,0.8521,0.8471,0.8513,43.6469,116.2549,116.3896
2025-12-17,67.22,68.06,66.83,67.98,7397990.0,USO,0.8512,0.8544,0.8504,0.8516,52.2108,116.4422,116.4189
2025-12-17,147.5,149.87,147.35,149.52,8805268.0,CVX,0.8512,0.8544,0.8504,0.8516,52.2108,116.4422,116.4189
2025-12-17,34.5,34.56,34.12,34.47,7160792.0,BP,0.8512,0.8544,0.8504,0.8516,52.2108,116.4422,116.4189
2025-12-17,44.13,44.88,44.06,44.78,43016459.0,XLE,0.8512,0.8544,0.8504,0.8516,52.2108,116.4422,116.4189
2025-12-17,71.72,71.81,71.14,71.55,4871136.0,SHEL,0.8512,0.8544,0.8504,0.8516,52.2108,116.4422,116.4189
2025-12-17,115.21,117.62,115.17,117.41,18502152.0,XOM,0.8512,0.8544,0.8504,0.8516,52.2108,116.4422,116.4189
2025-12-18,148.85,149.27,147.08,147.69,6998843.0,CVX,0.8516,0.8538,0.8501,0.853,49.6228,116.4862,116.329
2025-12-18,44.65,44.71,43.98,44.13,29700827.0,XLE,0.8516,0.8538,0.8501,0.853,49.6228,116.4862,116.329
2025-12-18,116.99,116.99,115.63,116.54,13705560.0,XOM,0.8516,0.8538,0.8501,0.853,49.6228,116.4862,116.329
2025-12-18,67.77,67.9388,67.095,67.19,4713782.0,USO,0.8516,0.8538,0.8501,0.853,49.6228,116.4862,116.329
2025-12-18,71.44,71.5599,71.015,71.31,5264853.0,SHEL,0.8516,0.8538,0.8501,0.853,49.6228,116.4862,116.329
2025-12-18,34.19,34.19,33.22,33.31,15228878.0,BP,0.8516,0.8538,0.8501,0.853,49.6228,116.4862,116.329
2025-12-19,116.75,117.57,115.955,116.69,45412814.0,XOM,0.853,0.8545,0.8519,0.8539,50.0822,116.4904,116.271
2025-12-19,71.85,72.485,71.84,72.02,5581282.0,SHEL,0.853,0.8545,0.8519,0.8539,50.0822,116.4904,116.271
2025-12-19,44.25,44.53,44.025,44.13,30946501.0,XLE,0.853,0.8545,0.8519,0.8539,50.0822,116.4904,116.271
2025-12-19,33.83,34.085,33.805,33.94,12735174.0,BP,0.853,0.8545,0.8519,0.8539,50.0822,116.4904,116.271
2025-12-19,147.96,149.01,147.185,147.75,21701435.0,CVX,0.853,0.8545,0.8519,0.8539,50.0822,116.4904,116.271
2025-12-19,67.74,68.2,67.435,68.03,4003656.0,USO,0.853,0.8545,0.8519,0.8539,50.0822,116.4904,116.271
2025-12-22,117.335,118.46,117.335,118.15,11768611.0,XOM,0.8532,0.8542,0.8496,0.8503,54.4378,116.6869,116.414
2025-12-22,44.14,44.485,44.09,44.21,23707420.0,XLE,0.8532,0.8542,0.8496,0.8503,54.4378,116.6869,116.414
2025-12-22,34.23,34.6,34.105,34.14,10095963.0,BP,0.8532,0.8542,0.8496,0.8503,54.4378,116.6869,116.414
2025-12-22,69.56,69.85,69.22,69.73,4491465.0,USO,0.8532,0.8542,0.8496,0.8503,54.4378,116.6869,116.414
2025-12-22,148.81,150.49,148.695,149.8,8143618.0,CVX,0.8532,0.8542,0.8496,0.8503,54.4378,116.6869,116.414
2025-12-22,72.72,73.15,72.58,72.58,3543242.0,SHEL,0.8532,0.8542,0.8496,0.8503,54.4378,116.6869,116.414
2025-12-23,118.47,120.03,118.32,119.42,12567630.0,XOM,0.8506,0.8506,0.8472,0.8478,57.8805,116.8019,116.7062
2025-12-23,34.51,34.64,34.445,34.58,6844205.0,BP,0.8506,0.8506,0.8472,0.8478,57.8805,116.8019,116.7062
2025-12-23,150.04,151.08,149.85,150.51,4663665.0,CVX,0.8506,0.8506,0.8472,0.8478,57.8805,116.8019,116.7062
2025-12-23,69.62,70.36,69.45,70.3,3517335.0,USO,0.8506,0.8506,0.8472,0.8478,57.8805,116.8019,116.7062
2025-12-23,72.8,73.12,72.74,73.07,2421211.0,SHEL,0.8506,0.8506,0.8472,0.8478,57.8805,116.8019,116.7062
2025-12-23,44.37,44.55,44.22,44.5,19137538.0,XLE,0.8506,0.8506,0.8472,0.8478,57.8805,116.8019,116.7062
2025-12-24,70.47,70.58,69.94,70.2,1596350.0,USO,0.8479,0.8494,0.8467,0.849,57.1482,116.9494,116.9329
2025-12-24,119.33,120.05,119.1177,119.22,6137406.0,XOM,0.8479,0.8494,0.8467,0.849,57.1482,116.9494,116.9329
2025-12-24,150.38,150.99,150.1,150.5,2227609.0,CVX,0.8479,0.8494,0.8467,0.849,57.1482,116.9494,116.9329
2025-12-24,34.5,34.56,34.26,34.31,3128625.0,BP,0.8479,0.8494,0.8467,0.849,57.1482,116.9494,116.9329
2025-12-24,72.97,73.01,72.74,72.84,1021045.0,SHEL,0.8479,0.8494,0.8467,0.849,57.1482,116.9494,116.9329
2025-12-24,44.415,44.555,44.31,44.37,11293864.0,XLE,0.8479,0.8494,0.8467,0.849,57.1482,116.9494,116.9329
2025-12-26,150.38,151.14,149.6472,150.02,3706915.0,CVX,0.8485,0.8502,0.8476,0.8493,56.7231,117.1317,117.1148
2025-12-26,118.885,119.55,118.53,119.11,8066129.0,XOM,0.8485,0.8502,0.8476,0.8493,56.7231,117.1317,117.1148
2025-12-26,44.32,44.435,43.99,44.2,17884483.0,XLE,0.8485,0.8502,0.8476,0.8493,56.7231,117.1317,117.1148
2025-12-26,69.66,69.76,68.175,68.48,4224452.0,USO,0.8485,0.8502,0.8476,0.8493,56.7231,117.1317,117.1148
2025-12-26,34.25,34.34,34.125,34.27,3381554.0,BP,0.8485,0.8502,0.8476,0.8493,56.7231,117.1317,117.1148
2025-12-26,72.84,72.99,72.51,72.81,1580789.0,SHEL,0.8485,0.8502,0.8476,0.8493,56.7231,117.1317,117.1148
2025-12-29,120.15,121.2998,119.4,120.53,14782512.0,XOM,0.849,0.8511,0.8482,0.8494,60.779,117.4545,117.4605
2025-12-29,34.605,34.605,34.285,34.45,7542433.0,BP,0.849,0.8511,0.8482,0.8494,60.779,117.4545,117.4605
2025-12-29,73.26,73.455,73.02,73.12,2633258.0,SHEL,0.849,0.8511,0.8482,0.8494,60.779,117.4545,117.4605
2025-12-29,69.85,70.13,69.57,69.61,2757971.0,USO,0.849,0.8511,0.8482,0.8494,60.779,117.4545,117.4605
2025-12-29,44.51,44.74,44.29,44.62,31352054.0,XLE,0.849,0.8511,0.8482,0.8494,60.779,117.4545,117.4605
2025-12-29,151.0,151.6365,150.085,150.99,5589133.0,CVX,0.849,0.8511,0.8482,0.8494,60.779,117.4545,117.4605
2025-12-30,73.6,73.945,73.575,73.83,3483060.0,SHEL,0.8497,0.8515,0.8488,0.8511,62.0208,117.6489,117.8211
2025-12-30,70.28,70.325,69.65,69.74,2324200.0,USO,0.8497,0.8515,0.8488,0.8511,62.0208,117.6489,117.8211
2025-12-30,121.1,121.796,120.63,120.99,11150486.0,XOM,0.8497,0.8515,0.8488,0.8511,62.0208,117.6489,117.8211
2025-12-30,44.8,45.0884,44.8,44.96,18654743.0,XLE,0.8497,0.8515,0.8488,0.8511,62.0208,117.6489,117.8211
2025-12-30,151.5,152.6707,151.47,152.31,5150514.0,CVX,0.8497,0.8515,0.8488,0.8511,62.0208,117.6489,117.8211
2025-12-30,34.65,34.86,34.64,34.75,5379134.0,BP,0.8497,0.8515,0.8488,0.8511,62.0208,117.6489,117.8211
2025-12-31,44.93,45.02,44.57,44.71,16965922.0,XLE,0.8511,0.8532,0.8503,0.8514,59.17,117.7057,118.0474
2025-12-31,121.18,121.26,119.865,120.34,10559866.0,XOM,0.8511,0.8532,0.8503,0.8514,59.17,117.7057,118.0474
2025-12-31,70.2,70.26,68.85,69.16,2218718.0,USO,0.8511,0.8532,0.8503,0.8514,59.17,117.7057,118.0474
2025-12-31,152.39,152.55,151.67,152.41,4953110.0,CVX,0.8511,0.8532,0.8503,0.8514,59.17,117.7057,118.0474
2025-12-31,34.84,34.84,34.555,34.73,4010948.0,BP,0.8511,0.8532,0.8503,0.8514,59.17,117.7057,118.0474
2025-12-31,73.81,73.855,73.18,73.48,1638425.0,SHEL,0.8511,0.8532,0.8503,0.8514,59.17,117.7057,118.0474
2026-01-02,35.1,35.85,35.05,35.83,7571439.0,BP,0.851,0.8537,0.8499,0.8532,65.2781,117.9263,118.5495
2026-01-02,152.165,155.9,151.25,155.9,6862097.0,CVX,0.851,0.8537,0.8499,0.8532,65.2781,117.9263,118.5495
2026-01-02,74.04,75.555,73.91,75.44,5611422.0,SHEL,0.851,0.8537,0.8499,0.8532,65.2781,117.9263,118.5495
2026-01-02,44.72,45.7799,44.49,45.65,31935524.0,XLE,0.851,0.8537,0.8499,0.8532,65.2781,117.9263,118.5495
2026-01-02,68.43,69.145,68.15,68.96,5012274.0,USO,0.851,0.8537,0.8499,0.8532,65.2781,117.9263,118.5495
2026-01-02,120.09,122.68,119.6067,122.65,14175055.0,XOM,0.851,0.8537,0.8499,0.8532,65.2781,117.9263,118.5495
2026-01-05,165.75,165.75,159.3098,163.85,35094878.0,CVX,0.8527,0.8576,0.8525,0.853,70.7975,118.3902,119.3436
2026-01-05,69.73,70.4,69.23,70.22,4987089.0,USO,0.8527,0.8576,0.8525,0.853,70.7975,118.3902,119.3436
2026-01-05,47.16,47.32,45.75,46.89,94961037.0,XLE,0.8527,0.8576,0.8525,0.853,70.7975,118.3902,119.3436
2026-01-05,125.21,125.93,122.39,125.36,30112238.0,XOM,0.8527,0.8576,0.8525,0.853,70.7975,118.3902,119.3436
2026-01-05,75.15,75.47,73.45,75.03,6526263.0,SHEL,0.8527,0.8576,0.8525,0.853,70.7975,118.3902,119.3436
2026-01-05,35.56,36.225,34.63,36.12,16043829.0,BP,0.8527,0.8576,0.8525,0.853,70.7975,118.3902,119.3436
2026-01-06,125.35,125.8,121.0,121.05,23328636.0,XOM,0.853,0.8558,0.8514,0.8554,55.6472,118.6236,119.461
2026-01-06,70.6,70.74,68.46,68.51,5432884.0,USO,0.853,0.8558,0.8514,0.8554,55.6472,118.6236,119.461
2026-01-06,75.16,75.33,72.83,72.9,6524139.0,SHEL,0.853,0.8558,0.8514,0.8554,55.6472,118.6236,119.461
2026-01-06,35.31,35.48,34.34,34.36,16254992.0,BP,0.853,0.8558,0.8514,0.8554,55.6472,118.6236,119.461
2026-01-06,164.88,165.05,156.11,156.54,20564935.0,CVX,0.853,0.8558,0.8514,0.8554,55.6472,118.6236,119.461
2026-01-06,46.995,47.06,45.5313,45.64,69568225.0,XLE,0.853,0.8558,0.8514,0.8554,55.6472,118.6236,119.461
2026-01-07,68.24,68.3103,67.345,67.79,5317458.0,USO,0.8555,0.8566,0.8544,0.8565,48.9471,118.8939,119.2237
2026-01-07,33.65,33.93,33.58,33.67,12192066.0,BP,0.8555,0.8566,0.8544,0.8565,48.9471,118.8939,119.2237
2026-01-07,71.52,72.04,71.26,71.54,4923343.0,SHEL,0.8555,0.8566,0.8544,0.8565,48.9471,118.8939,119.2237
2026-01-07,45.82,45.82,45.08,45.13,42739166.0,XLE,0.8555,0.8566,0.8544,0.8565,48.9471,118.8939,119.2237
2026-01-07,157.44,158.005,154.9,155.2,13537874.0,CVX,0.8555,0.8566,0.8544,0.8565,48.9471,118.8939,119.2237
2026-01-07,119.8,120.12,118.274,118.49,20352950.0,XOM,0.8555,0.8566,0.8544,0.8565,48.9471,118.8939,119.2237
2026-01-08,118.98,123.625,118.655,122.91,20232721.0,XOM,0.8565,0.8589,0.8558,0.8576,58.2858,119.2841,119.6034
2026-01-08,155.5,160.44,155.21,159.25,12929635.0,CVX,0.8565,0.8589,0.8558,0.8576,58.2858,119.2841,119.6034
2026-01-08,68.79,70.65,68.39,70.54,6558609.0,USO,0.8565,0.8589,0.8558,0.8576,58.2858,119.2841,119.6034
2026-01-08,69.845,70.53,68.625,70.31,13092927.0,SHEL,0.8565,0.8589,0.8558,0.8576,58.2858,119.2841,119.6034
2026-01-08,33.57,34.205,33.4,34.13,11671361.0,BP,0.8565,0.8589,0.8558,0.8576,58.2858,119.2841,119.6034
2026-01-08,45.32,46.85,45.22,46.55,51451021.0,XLE,0.8565,0.8589,0.8558,0.8576,58.2858,119.2841,119.6034
2026-01-09,160.56,162.7,159.935,162.11,12549643.0,CVX,0.8575,0.8607,0.8573,0.8592,61.2237,119.8566,120.1576
2026-01-09,70.88,71.94,70.77,70.78,5925122.0,USO,0.8575,0.8607,0.8573,0.8592,61.2237,119.8566,120.1576
2026-01-09,46.75,46.88,46.505,46.67,38839945.0,XLE,0.8575,0.8607,0.8573,0.8592,61.2237,119.8566,120.1576
2026-01-09,70.87,71.475,70.6,70.83,5603032.0,SHEL,0.8575,0.8607,0.8573,0.8592,61.2237,119.8566,120.1576
2026-01-09,34.21,34.38,34.125,34.29,7758071.0,BP,0.8575,0.8607,0.8573,0.8592,61.2237,119.8566,120.1576
2026-01-09,123.23,124.86,123.095,124.61,16137674.0,XOM,0.8575,0.8607,0.8573,0.8592,61.2237,119.8566,120.1576
2026-01-12,70.96,72.0,70.4699,71.65,5703405.0,USO,0.859,0.8604,0.8548,0.857,59.6794,120.3773,120.5611
2026-01-12,124.46,124.5,122.56,124.03,15314895.0,XOM,0.859,0.8604,0.8548,0.857,59.6794,120.3773,120.5611
2026-01-12,71.16,71.84,71.04,71.66,4390665.0,SHEL,0.859,0.8604,0.8548,0.857,59.6794,120.3773,120.5611
2026-01-12,162.7,163.56,160.71,162.34,9796786.0,CVX,0.859,0.8604,0.8548,0.857,59.6794,120.3773,120.5611
2026-01-12,34.32,34.485,34.055,34.41,7164250.0,BP,0.859,0.8604,0.8548,0.857,59.6794,120.3773,120.5611
2026-01-12,46.75,46.805,46.1001,46.34,28264436.0,XLE,0.859,0.8604,0.8548,0.857,59.6794,120.3773,120.5611
2026-01-13,46.73,47.39,46.68,47.0,50469235.0,XLE,0.8569,0.8595,0.8562,0.8588,63.9208,120.9725,121.2431
2026-01-13,163.47,166.13,163.3,163.87,12068630.0,CVX,0.8569,0.8595,0.8562,0.8588,63.9208,120.9725,121.2431
2026-01-13,125.0,127.14,124.81,126.54,21619727.0,XOM,0.8569,0.8595,0.8562,0.8588,63.9208,120.9725,121.2431
2026-01-13,34.65,35.525,34.58,35.36,9971440.0,BP,0.8569,0.8595,0.8562,0.8588,63.9208,120.9725,121.2431
2026-01-13,72.78,73.94,72.745,73.48,10694220.0,USO,0.8569,0.8595,0.8562,0.8588,63.9208,120.9725,121.2431
2026-01-13,72.36,73.6302,72.31,73.18,6483292.0,SHEL,0.8569,0.8595,0.8562,0.8588,63.9208,120.9725,121.2431
2026-01-14,74.26,75.16,71.41,72.61,17618094.0,USO,0.8586,0.8594,0.8575,0.8587,69.0358,121.7373,122.3189
2026-01-14,127.35,131.72,127.13,130.2,27593938.0,XOM,0.8586,0.8594,0.8575,0.8587,69.0358,121.7373,122.3189
2026-01-14,34.97,36.29,34.94,35.82,15467269.0,BP,0.8586,0.8594,0.8575,0.8587,69.0358,121.7373,122.3189
2026-01-14,164.1,169.37,164.1,167.24,16414917.0,CVX,0.8586,0.8594,0.8575,0.8587,69.0358,121.7373,122.3189
2026-01-14,73.42,74.89,73.33,74.35,8057858.0,SHEL,0.8586,0.8594,0.8575,0.8587,69.0358,121.7373,122.3189
2026-01-14,47.25,48.65,47.18,48.06,80750152.0,XLE,0.8586,0.8594,0.8575,0.8587,69.0358,121.7373,122.3189
2026-01-15,34.85,35.315,34.735,35.15,10717050.0,BP,0.8589,0.8625,0.8584,0.8613,66.0861,122.4403,123.1096
2026-01-15,71.6,71.71,70.995,71.13,4748428.0,USO,0.8589,0.8625,0.8584,0.8613,66.0861,122.4403,123.1096
2026-01-15,165.77,167.33,165.1,166.16,8097405.0,CVX,0.8589,0.8625,0.8584,0.8613,66.0861,122.4403,123.1096
2026-01-15,47.63,48.07,47.27,47.61,49328793.0,XLE,0.8589,0.8625,0.8584,0.8613,66.0861,122.4403,123.1096
2026-01-15,73.36,73.845,73.055,73.42,4679474.0,SHEL,0.8589,0.8625,0.8584,0.8613,66.0861,122.4403,123.1096
2026-01-15,129.13,130.195,128.3,129.13,17400039.0,XOM,0.8589,0.8625,0.8584,0.8613,66.0861,122.4403,123.1096
2026-01-16,166.59,167.29,165.81,166.26,9745753.0,CVX,0.8614,0.8632,0.86,0.862,67.1594,123.205,123.8955
2026-01-16,47.56,47.805,47.485,47.69,30796285.0,XLE,0.8614,0.8632,0.86,0.862,67.1594,123.205,123.8955
2026-01-16,74.255,74.5354,73.715,74.25,4157242.0,SHEL,0.8614,0.8632,0.86,0.862,67.1594,123.205,123.8955
2026-01-16,72.3,72.52,71.57,71.65,4492057.0,USO,0.8614,0.8632,0.86,0.862,67.1594,123.205,123.8955
2026-01-16,35.41,35.62,35.29,35.38,5280236.0,BP,0.8614,0.8632,0.86,0.862,67.1594,123.205,123.8955
2026-01-16,128.91,130.16,128.87,129.89,16592354.0,XOM,0.8614,0.8632,0.86,0.862,67.1594,123.205,123.8955
2026-01-20,35.28,35.495,35.025,35.15,6203396.0,BP,0.8587,0.8596,0.8496,0.8529,67.9779,123.9095,124.6521
2026-01-20,166.705,167.65,165.15,165.3,10930266.0,CVX,0.8587,0.8596,0.8496,0.8529,67.9779,123.9095,124.6521
2026-01-20,48.09,48.31,47.5,47.6,49477357.0,XLE,0.8587,0.8596,0.8496,0.8529,67.9779,123.9095,124.6521
2026-01-20,73.58,73.835,73.015,73.11,4662351.0,SHEL,0.8587,0.8596,0.8496,0.8529,67.9779,123.9095,124.6521
2026-01-20,72.8,73.125,71.71,71.86,7543244.0,USO,0.8587,0.8596,0.8496,0.8529,67.9779,123.9095,124.6521
2026-01-20,131.51,131.94,130.07,130.46,16173207.0,XOM,0.8587,0.8596,0.8496,0.8529,67.9779,123.9095,124.6521
2026-01-21,48.29,49.05,48.29,48.75,58996037.0,XLE,0.853,0.8564,0.8515,0.8558,72.1145,124.8048,125.7249
2026-01-21,35.63,36.1,35.585,35.92,9110489.0,BP,0.853,0.8564,0.8515,0.8558,72.1145,124.8048,125.7249
2026-01-21,72.84,73.46,72.6,73.34,4291322.0,USO,0.853,0.8564,0.8515,0.8558,72.1145,124.8048,125.7249
2026-01-21,73.375,74.34,73.3,73.81,5552592.0,SHEL,0.853,0.8564,0.8515,0.8558,72.1145,124.8048,125.7249
2026-01-21,167.0,168.475,166.06,166.73,10918539.0,CVX,0.853,0.8564,0.8515,0.8558,72.1145,124.8048,125.7249
2026-01-21,131.91,133.725,131.91,133.61,18879887.0,XOM,0.853,0.8564,0.8515,0.8558,72.1145,124.8048,125.7249
2026-01-22,133.05,134.18,131.85,133.64,16600126.0,XOM,0.8558,0.8568,0.8505,0.8506,72.1514,125.7483,126.6587
2026-01-22,35.39,35.51,35.16,35.43,5331239.0,BP,0.8558,0.8568,0.8505,0.8506,72.1514,125.7483,126.6587
2026-01-22,73.01,73.3,72.26,72.42,5011657.0,SHEL,0.8558,0.8568,0.8505,0.8506,72.1514,125.7483,126.6587
2026-01-22,72.43,72.5,71.27,71.82,4973418.0,USO,0.8558,0.8568,0.8505,0.8506,72.1514,125.7483,126.6587
2026-01-22,48.62,49.0,48.42,48.91,50869509.0,XLE,0.8558,0.8568,0.8505,0.8506,72.1514,125.7483,126.6587
2026-01-22,166.26,167.56,165.73,166.66,8957383.0,CVX,0.8558,0.8568,0.8505,0.8506,72.1514,125.7483,126.6587
2026-01-23,135.085,135.98,134.48,134.97,17758214.0,XOM,0.8507,0.8526,0.845,0.8453,73.8061,126.6223,127.6441
2026-01-23,36.44,36.705,36.115,36.53,7875513.0,BP,0.8507,0.8526,0.845,0.8453,73.8061,126.6223,127.6441
2026-01-23,167.95,168.44,166.441,166.72,8368686.0,CVX,0.8507,0.8526,0.845,0.8453,73.8061,126.6223,127.6441
2026-01-23,73.76,74.05,73.38,73.95,5427638.0,USO,0.8507,0.8526,0.845,0.8453,73.8061,126.6223,127.6441
2026-01-23,73.89,73.99,73.1875,73.75,6051606.0,SHEL,0.8507,0.8526,0.845,0.8453,73.8061,126.6223,127.6441
2026-01-23,49.52,49.89,49.09,49.19,51431167.0,XLE,0.8507,0.8526,0.845,0.8453,73.8061,126.6223,127.6441
2026-01-26,36.86,36.91,36.455,36.76,5496342.0,BP,0.845,0.845,0.8398,0.8416,73.3473,127.2948,128.4809
2026-01-26,136.93,136.9398,134.17,134.84,16056066.0,XOM,0.845,0.845,0.8398,0.8416,73.3473,127.2948,128.4809
2026-01-26,74.14,74.28,73.13,73.25,5212268.0,SHEL,0.845,0.845,0.8398,0.8416,73.3473,127.2948,128.4809
2026-01-26,73.36,73.77,72.94,73.48,4486331.0,USO,0.845,0.845,0.8398,0.8416,73.3473,127.2948,128.4809
2026-01-26,49.865,49.89,48.95,49.22,40122625.0,XLE,0.845,0.845,0.8398,0.8416,73.3473,127.2948,128.4809
2026-01-26,168.325,168.41,166.77,167.5,8912601.0,CVX,0.845,0.845,0.8398,0.8416,73.3473,127.2948,128.4809
2026-01-27,49.39,49.815,49.16,49.67,39328585.0,XLE,0.842,0.8438,0.8278,0.8304,75.8245,128.4142,129.4696
2026-01-27,73.96,75.45,73.92,75.45,4772680.0,SHEL,0.842,0.8438,0.8278,0.8304,75.8245,128.4142,129.4696
2026-01-27,73.95,75.71,73.69,75.66,6095052.0,USO,0.842,0.8438,0.8278,0.8304,75.8245,128.4142,129.4696
2026-01-27,37.0,37.64,36.91,37.62,6139778.0,BP,0.842,0.8438,0.8278,0.8304,75.8245,128.4142,129.4696
2026-01-27,135.245,136.93,134.71,136.83,14484283.0,XOM,0.842,0.8438,0.8278,0.8304,75.8245,128.4142,129.4696
2026-01-27,167.77,169.35,166.65,169.05,9729410.0,CVX,0.842,0.8438,0.8278,0.8304,75.8245,128.4142,129.4696
2026-01-28,76.0,76.045,75.03,75.79,4115581.0,SHEL,0.8304,0.8406,0.8301,0.8364,76.7033,129.7685,130.4258
2026-01-28,137.69,138.01,136.67,137.58,15637279.0,XOM,0.8304,0.8406,0.8301,0.8364,76.7033,129.7685,130.4258
2026-01-28,37.85,37.91,37.27,37.7,6356541.0,BP,0.8304,0.8406,0.8301,0.8364,76.7033,129.7685,130.4258
2026-01-28,49.97,50.14,49.56,50.05,41890386.0,XLE,0.8304,0.8406,0.8301,0.8364,76.7033,129.7685,130.4258
2026-01-28,76.26,76.74,75.63,76.62,6508730.0,USO,0.8304,0.8406,0.8301,0.8364,76.7033,129.7685,130.4258
2026-01-28,169.955,170.42,168.195,169.93,9200244.0,CVX,0.8304,0.8406,0.8301,0.8364,76.7033,129.7685,130.4258
2026-01-29,51.15,51.73,50.48,50.51,77520650.0,XLE,0.8364,0.8398,0.8335,0.8353,79.7937,131.0171,131.6426
2026-01-29,80.11,80.38,78.165,79.14,13188846.0,USO,0.8364,0.8398,0.8335,0.8353,79.7937,131.0171,131.6426
2026-01-29,77.97,78.17,76.91,77.47,10779628.0,SHEL,0.8364,0.8398,0.8335,0.8353,79.7937,131.0171,131.6426
2026-01-29,140.32,142.34,139.11,140.51,35760620.0,XOM,0.8364,0.8398,0.8335,0.8353,79.7937,131.0171,131.6426
2026-01-29,172.65,174.92,171.04,171.19,16786612.0,CVX,0.8364,0.8398,0.8335,0.8353,79.7937,131.0171,131.6426
2026-01-29,38.63,38.885,37.84,38.04,12781159.0,BP,0.8364,0.8398,0.8335,0.8353,79.7937,131.0171,131.6426
2026-01-30,50.36,51.085,49.875,51.05,74039404.0,XLE,0.8354,0.8438,0.8349,0.8437,80.634,132.2082,132.8149
2026-01-30,79.44,79.95,77.65,79.52,11586234.0,USO,0.8354,0.8438,0.8349,0.8437,80.634,132.2082,132.8149
2026-01-30,77.02,77.09,75.785,77.03,7081359.0,SHEL,0.8354,0.8438,0.8349,0.8437,80.634,132.2082,132.8149
2026-01-30,172.615,177.3,171.27,176.9,22946582.0,CVX,0.8354,0.8438,0.8349,0.8437,80.634,132.2082,132.8149
2026-01-30,138.74,142.205,137.83,141.4,29657667.0,XOM,0.8354,0.8438,0.8349,0.8437,80.634,132.2082,132.8149
2026-01-30,38.0,38.225,37.325,37.88,11765762.0,BP,0.8354,0.8438,0.8349,0.8437,80.634,132.2082,132.8149
2026-02-02,37.72,37.945,37.285,37.7,11537584.0,BP,0.8431,0.8491,0.842,0.848,70.0575,133.2276,133.4337
2026-02-02,50.1,50.51,49.77,50.05,61479856.0,XLE,0.8431,0.8491,0.842,0.848,70.0575,133.2276,133.4337
2026-02-02,139.83,140.32,138.06,138.4,27735570.0,XOM,0.8431,0.8491,0.842,0.848,70.0575,133.2276,133.4337
2026-02-02,76.04,76.325,75.5,75.73,6001816.0,SHEL,0.8431,0.8491,0.842,0.848,70.0575,133.2276,133.4337
2026-02-02,173.44,176.27,172.65,174.03,14235347.0,CVX,0.8431,0.8491,0.842,0.848,70.0575,133.2276,133.4337
2026-02-02,75.5,75.67,74.46,75.33,8544403.0,USO,0.8431,0.8491,0.842,0.848,70.0575,133.2276,133.4337
2026-02-03,75.46,77.845,75.27,77.63,8230596.0,SHEL,0.848,0.8488,0.8453,0.846,76.0645,134.4471,134.6758
2026-02-03,37.61,38.92,37.54,38.82,9931413.0,BP,0.848,0.8488,0.8453,0.846,76.0645,134.4471,134.6758
2026-02-03,50.24,51.78,50.02,51.67,83204518.0,XLE,0.848,0.8488,0.8453,0.846,76.0645,134.4471,134.6758
2026-02-03,173.88,178.82,173.7541,178.04,18164926.0,CVX,0.848,0.8488,0.8453,0.846,76.0645,134.4471,134.6758
2026-02-03,138.64,145.01,138.31,143.73,37442320.0,XOM,0.848,0.8488,0.8453,0.846,76.0645,134.4471,134.6758
2026-02-03,75.85,77.635,75.64,77.47,10749514.0,USO,0.848,0.8488,0.8453,0.846,76.0645,134.4471,134.6758
2026-02-04,51.82,52.9599,51.82,52.83,78149891.0,XLE,0.846,0.8481,0.8447,0.8469,79.3029,135.6807,136.2634
2026-02-04,78.31,79.3,78.14,78.79,9608473.0,SHEL,0.846,0.8481,0.8447,0.8469,79.3029,135.6807,136.2634
2026-02-04,178.88,182.59,178.88,181.23,16170478.0,CVX,0.846,0.8481,0.8447,0.8469,79.3029,135.6807,136.2634
2026-02-04,39.22,39.51,38.895,39.2,11183344.0,BP,0.846,0.8481,0.8447,0.8469,79.3029,135.6807,136.2634
2026-02-04,76.52,79.37,76.2,77.88,17514908.0,USO,0.846,0.8481,0.8447,0.8469,79.3029,135.6807,136.2634
2026-02-04,144.115,147.84,144.115,147.59,29426241.0,XOM,0.846,0.8481,0.8447,0.8469,79.3029,135.6807,136.2634
2026-02-05,52.26,52.49,51.435,52.21,54235648.0,XLE,0.8468,0.8492,0.8458,0.849,75.0265,136.8832,137.4394
2026-02-05,146.58,146.73,143.795,146.08,18431739.0,XOM,0.8468,0.8492,0.8458,0.849,75.0265,136.8832,137.4394
2026-02-05,179.64,180.46,177.41,179.23,10474142.0,CVX,0.8468,0.8492,0.8458,0.849,75.0265,136.8832,137.4394
2026-02-05,76.29,76.6,74.47,74.63,11393484.0,SHEL,0.8468,0.8492,0.8458,0.849,75.0265,136.8832,137.4394
2026-02-05,76.86,77.305,75.88,76.69,5989532.0,USO,0.8468,0.8492,0.8458,0.849,75.0265,136.8832,137.4394
2026-02-05,38.255,38.55,37.97,38.17,10755670.0,BP,0.8468,0.8492,0.8458,0.849,75.0265,136.8832,137.4394
2026-02-06,38.33,39.19,38.29,39.01,6063846.0,BP,0.849,0.8499,0.8455,0.8462,77.5866,138.2424,138.8519
2026-02-06,180.3,182.1,179.512,180.86,9901816.0,CVX,0.849,0.8499,0.8455,0.8462,77.5866,138.2424,138.8519
2026-02-06,75.18,76.22,75.02,75.29,8878730.0,SHEL,0.849,0.8499,0.8455,0.8462,77.5866,138.2424,138.8519
2026-02-06,146.62,149.57,146.09,149.05,17216025.0,XOM,0.849,0.8499,0.8455,0.8462,77.5866,138.2424,138.8519
2026-02-06,76.24,77.99,76.17,76.99,6661472.0,USO,0.849,0.8499,0.8455,0.8462,77.5866,138.2424,138.8519
2026-02-06,52.5,53.415,52.36,53.25,41669571.0,XLE,0.849,0.8499,0.8455,0.8462,77.5866,138.2424,138.8519
2026-02-09,38.905,39.355,38.87,39.22,7208426.0,BP,0.8462,0.8467,0.8384,0.8392,79.2524,139.7145,140.3621
2026-02-09,149.26,151.55,148.63,151.21,21297302.0,XOM,0.8462,0.8467,0.8384,0.8392,79.2524,139.7145,140.3621
2026-02-09,76.83,78.63,76.79,78.02,3201128.0,USO,0.8462,0.8467,0.8384,0.8392,79.2524,139.7145,140.3621
2026-02-09,181.01,182.82,179.95,182.6,12021285.0,CVX,0.8462,0.8467,0.8384,0.8392,79.2524,139.7145,140.3621
2026-02-09,53.205,53.72,52.975,53.64,38798501.0,XLE,0.8462,0.8467,0.8384,0.8392,79.2524,139.7145,140.3621
2026-02-09,76.43,77.85,76.33,77.8,5594282.0,SHEL,0.8462,0.8467,0.8384,0.8392,79.2524,139.7145,140.3621
2026-02-10,78.38,78.4,77.285,77.9,3925844.0,SHEL,0.8393,0.8412,0.8382,0.8406,79.5405,140.99,141.7212
2026-02-10,182.73,182.95,180.86,182.26,7458163.0,CVX,0.8393,0.8412,0.8382,0.8406,79.5405,140.99,141.7212
2026-02-10,151.35,151.78,149.82,151.59,15800255.0,XOM,0.8393,0.8412,0.8382,0.8406,79.5405,140.99,141.7212
2026-02-10,53.77,53.79,53.24,53.58,32145991.0,XLE,0.8393,0.8412,0.8382,0.8406,79.5405,140.99,141.7212
2026-02-10,78.3,78.44,77.28,78.03,6541954.0,USO,0.8393,0.8412,0.8382,0.8406,79.5405,140.99,141.7212
2026-02-10,37.01,37.4,36.15,36.97,23286030.0,BP,0.8393,0.8412,0.8382,0.8406,79.5405,140.99,141.7212
2026-02-11,79.68,79.83,78.24,78.89,10313073.0,USO,0.8405,0.845,0.8384,0.8422,82.3049,142.545,143.4249
2026-02-11,183.94,186.52,183.55,185.82,10502119.0,CVX,0.8405,0.845,0.8384,0.8422,82.3049,142.545,143.4249
2026-02-11,37.94,38.82,37.74,38.55,13206912.0,BP,0.8405,0.845,0.8384,0.8422,82.3049,142.545,143.4249
2026-02-11,78.78,80.255,78.61,80.23,6948400.0,SHEL,0.8405,0.845,0.8384,0.8422,82.3049,142.545,143.4249
2026-02-11,153.97,156.93,153.57,155.56,23091488.0,XOM,0.8405,0.845,0.8384,0.8422,82.3049,142.545,143.4249
2026-02-11,54.28,55.11,54.25,54.98,57349665.0,XLE,0.8405,0.845,0.8384,0.8422,82.3049,142.545,143.4249
2026-02-12,79.47,79.6,77.63,78.22,7351119.0,SHEL,0.8423,0.8437,0.8408,0.8423,70.4303,143.6794,144.2922
2026-02-12,38.07,38.15,36.83,37.19,14268020.0,BP,0.8423,0.8437,0.8408,0.8423,70.4303,143.6794,144.2922
2026-02-12,54.94,55.24,53.76,53.98,67427841.0,XLE,0.8423,0.8437,0.8408,0.8423,70.4303,143.6794,144.2922
2026-02-12,78.0,78.07,75.71,76.38,7442609.0,USO,0.8423,0.8437,0.8408,0.8423,70.4303,143.6794,144.2922
2026-02-12,185.8,185.8,182.09,182.4,9673715.0,CVX,0.8423,0.8437,0.8408,0.8423,70.4303,143.6794,144.2922
2026-02-12,153.89,155.25,149.88,149.93,30652471.0,XOM,0.8423,0.8437,0.8408,0.8423,70.4303,143.6794,144.2922
2026-02-13,182.54,184.84,181.72,183.74,9034683.0,CVX,0.8423,0.844,0.8413,0.8425,67.0552,144.7172,144.8466
2026-02-13,37.19,37.725,36.97,37.66,7462973.0,BP,0.8423,0.844,0.8413,0.8425,67.0552,144.7172,144.8466
2026-02-13,150.55,151.66,147.98,148.45,20166031.0,XOM,0.8423,0.844,0.8413,0.8425,67.0552,144.7172,144.8466
2026-02-13,76.12,76.72,75.66,76.22,6172193.0,USO,0.8423,0.844,0.8413,0.8425,67.0552,144.7172,144.8466
2026-02-13,78.18,78.81,77.925,78.77,5364745.0,SHEL,0.8423,0.844,0.8413,0.8425,67.0552,144.7172,144.8466
2026-02-13,53.94,54.575,53.81,54.35,48392131.0,XLE,0.8423,0.844,0.8413,0.8425,67.0552,144.7172,144.8466
2026-02-17,183.3,183.8,178.74,180.55,9849048.0,CVX,0.8437,0.847,0.8434,0.8434,62.1568,145.4525,145.0257
2026-02-17,37.64,37.81,37.05,37.56,7290323.0,BP,0.8437,0.847,0.8434,0.8434,62.1568,145.4525,145.0257
2026-02-17,148.2,149.13,145.15,146.19,19766567.0,XOM,0.8437,0.847,0.8434,0.8434,62.1568,145.4525,145.0257
2026-02-17,76.21,76.48,75.18,75.73,9329636.0,USO,0.8437,0.847,0.8434,0.8434,62.1568,145.4525,145.0257
2026-02-17,54.56,54.905,53.18,53.75,50499593.0,XLE,0.8437,0.847,0.8434,0.8434,62.1568,145.4525,145.0257
2026-02-17,77.92,78.21,76.94,77.94,4849554.0,SHEL,0.8437,0.847,0.8434,0.8434,62.1568,145.4525,145.0257
2026-02-18,183.23,183.92,181.98,183.87,10313434.0,CVX,0.8435,0.8487,0.8431,0.8485,67.272,146.4552,145.7796
2026-02-18,148.15,150.98,147.61,150.68,19849670.0,XOM,0.8435,0.8487,0.8431,0.8485,67.272,146.4552,145.7796
2026-02-18,77.92,79.63,77.845,79.4,10251376.0,USO,0.8435,0.8487,0.8431,0.8485,67.272,146.4552,145.7796
2026-02-18,54.53,54.86,54.22,54.78,59196116.0,XLE,0.8435,0.8487,0.8431,0.8485,67.272,146.4552,145.7796
2026-02-18,38.15,38.6,37.95,38.53,10318120.0,BP,0.8435,0.8487,0.8431,0.8485,67.272,146.4552,145.7796
2026-02-18,79.6,79.915,79.13,79.87,4644127.0,SHEL,0.8435,0.8487,0.8431,0.8485,67.272,146.4552,145.7796
2026-02-19,80.11,80.53,79.59,80.38,5813380.0,SHEL,0.8485,0.8516,0.8468,0.8493,67.5768,147.2709,146.4717
2026-02-19,55.46,55.88,54.925,55.18,62513522.0,XLE,0.8485,0.8516,0.8468,0.8493,67.5768,147.2709,146.4717
2026-02-19,152.2,153.38,150.835,150.97,20305026.0,XOM,0.8485,0.8516,0.8468,0.8493,67.5768,147.2709,146.4717
2026-02-19,80.43,81.27,79.69,81.19,11767982.0,USO,0.8485,0.8516,0.8468,0.8493,67.5768,147.2709,146.4717
2026-02-19,185.29,187.9,184.74,184.78,10773342.0,CVX,0.8485,0.8516,0.8468,0.8493,67.5768,147.2709,146.4717
2026-02-19,39.05,39.509,38.815,39.01,9471423.0,BP,0.8485,0.8516,0.8468,0.8493,67.5768,147.2709,146.4717
2026-02-20,150.49,150.8055,146.46,147.28,25908581.0,XOM,0.8493,0.8515,0.8467,0.8487,59.9281,147.7598,146.5794
2026-02-20,80.54,81.24,80.17,80.85,9427292.0,USO,0.8493,0.8515,0.8467,0.8487,59.9281,147.7598,146.5794
2026-02-20,79.36,79.945,79.06,79.78,5506284.0,SHEL,0.8493,0.8515,0.8467,0.8487,59.9281,147.7598,146.5794
2026-02-20,38.12,38.245,37.75,38.18,7349135.0,BP,0.8493,0.8515,0.8467,0.8487,59.9281,147.7598,146.5794
2026-02-20,184.59,184.89,182.32,183.93,9566208.0,CVX,0.8493,0.8515,0.8467,0.8487,59.9281,147.7598,146.5794
2026-02-20,55.0,55.285,54.51,54.88,50833496.0,XLE,0.8493,0.8515,0.8467,0.8487,59.9281,147.7598,146.5794
2026-02-23,148.15,151.27,148.13,150.76,16073091.0,XOM,0.8483,0.8493,0.8447,0.8484,64.0597,148.7101,147.1369
2026-02-23,184.67,186.63,184.05,184.91,7047219.0,CVX,0.8483,0.8493,0.8447,0.8484,64.0597,148.7101,147.1369
2026-02-23,81.49,81.92,80.5,80.9,5941178.0,USO,0.8483,0.8493,0.8447,0.8484,64.0597,148.7101,147.1369
2026-02-23,55.035,55.93,54.865,55.15,44013472.0,XLE,0.8483,0.8493,0.8447,0.8484,64.0597,148.7101,147.1369
2026-02-23,80.03,80.94,79.725,79.97,4549691.0,SHEL,0.8483,0.8493,0.8447,0.8484,64.0597,148.7101,147.1369
2026-02-23,38.305,38.82,38.13,38.41,6291407.0,BP,0.8483,0.8493,0.8447,0.8484,64.0597,148.7101,147.1369
2026-02-24,185.285,185.96,183.85,185.34,7451798.0,CVX,0.8484,0.8498,0.8475,0.8493,61.1338,149.1751,147.4199
2026-02-24,81.19,81.22,79.8,80.76,10649529.0,USO,0.8484,0.8498,0.8475,0.8493,61.1338,149.1751,147.4199
2026-02-24,80.43,80.875,79.95,80.78,5661084.0,SHEL,0.8484,0.8498,0.8475,0.8493,61.1338,149.1751,147.4199
2026-02-24,150.42,150.72,148.03,149.26,14185457.0,XOM,0.8484,0.8498,0.8475,0.8493,61.1338,149.1751,147.4199
2026-02-24,38.39,38.44,38.045,38.3,7448869.0,BP,0.8484,0.8498,0.8475,0.8493,61.1338,149.1751,147.4199
2026-02-24,55.11,55.22,54.4,55.1,42921656.0,XLE,0.8484,0.8498,0.8475,0.8493,61.1338,149.1751,147.4199
2026-02-25,55.3,55.37,54.185,54.87,36207494.0,XLE,0.8493,0.8495,0.8464,0.8466,60.7355,149.3521,147.6386
2026-02-25,185.84,185.98,182.5101,184.22,9440721.0,CVX,0.8493,0.8495,0.8464,0.8466,60.7355,149.3521,147.6386
2026-02-25,80.1,80.135,79.32,79.73,6547301.0,USO,0.8493,0.8495,0.8464,0.8466,60.7355,149.3521,147.6386
2026-02-25,81.3,82.29,80.79,82.28,7073631.0,SHEL,0.8493,0.8495,0.8464,0.8466,60.7355,149.3521,147.6386
2026-02-25,149.91,150.18,147.33,149.06,15225745.0,XOM,0.8493,0.8495,0.8464,0.8466,60.7355,149.3521,147.6386
2026-02-25,38.37,38.37,37.79,38.09,10814115.0,BP,0.8493,0.8495,0.8464,0.8466,60.7355,149.3521,147.6386
2026-02-26,37.46,38.495,37.265,37.99,8116886.0,BP,0.8467,0.8493,0.8452,0.8476,59.6473,149.599,147.7588
2026-02-26,54.37,55.67,54.12,55.05,47033507.0,XLE,0.8467,0.8493,0.8452,0.8476,59.6473,149.599,147.7588
2026-02-26,182.9,186.26,181.76,184.16,7133769.0,CVX,0.8467,0.8493,0.8452,0.8476,59.6473,149.599,147.7588
2026-02-26,78.15,81.24,78.035,79.77,18725937.0,USO,0.8467,0.8493,0.8452,0.8476,59.6473,149.599,147.7588
2026-02-26,80.92,81.97,80.66,81.18,5770111.0,SHEL,0.8467,0.8493,0.8452,0.8476,59.6473,149.599,147.7588
2026-02-26,147.805,150.96,146.77,148.54,15632097.0,XOM,0.8467,0.8493,0.8452,0.8476,59.6473,149.599,147.7588
2026-02-27,55.64,56.15,54.925,55.92,59071460.0,XLE,0.8475,0.8482,0.8454,0.8464,64.817,149.918,148.391
2026-02-27,82.77,83.665,82.19,83.51,6256238.0,SHEL,0.8475,0.8482,0.8454,0.8464,64.817,149.918,148.391
2026-02-27,186.0,187.545,183.77,186.76,12035508.0,CVX,0.8475,0.8482,0.8454,0.8464,64.817,149.918,148.391
2026-02-27,82.0,82.12,80.58,81.95,12164700.0,USO,0.8475,0.8482,0.8454,0.8464,64.817,149.918,148.391
2026-02-27,38.8,38.9753,38.365,38.86,8312286.0,BP,0.8475,0.8482,0.8454,0.8464,64.817,149.918,148.391
2026-02-27,151.0,153.65,149.25,152.5,30275132.0,XOM,0.8475,0.8482,0.8454,0.8464,64.817,149.918,148.391
2026-03-02,84.51,84.5499,83.31,84.22,9862765.0,SHEL,0.8471,0.8567,0.8471,0.8554,66.8062,150.2067,149.1682
2026-03-02,57.77,57.88,56.27,57.04,135633331.0,XLE,0.8471,0.8567,0.8471,0.8554,66.8062,150.2067,149.1682
2026-03-02,87.62,88.64,83.2,87.19,41780479.0,USO,0.8471,0.8567,0.8471,0.8554,66.8062,150.2067,149.1682
2026-03-02,190.33,191.44,187.22,189.6,15809121.0,CVX,0.8471,0.8567,0.8471,0.8554,66.8062,150.2067,149.1682
2026-03-02,159.35,159.605,153.03,154.22,31493082.0,XOM,0.8471,0.8567,0.8471,0.8554,66.8062,150.2067,149.1682
2026-03-02,39.395,39.51,38.84,39.47,15552346.0,BP,0.8471,0.8567,0.8471,0.8554,66.8062,150.2067,149.1682
2026-03-03,190.515,191.5599,187.4201,188.77,14004161.0,CVX,0.8554,0.8672,0.854,0.8609,61.595,150.2978,149.5231
2026-03-03,57.385,57.72,56.05,56.52,154770813.0,XLE,0.8554,0.8672,0.854,0.8609,61.595,150.2978,149.5231
2026-03-03,94.1,94.37,87.33,90.2,50397927.0,USO,0.8554,0.8672,0.854,0.8609,61.595,150.2978,149.5231
2026-03-03,39.03,39.56,38.575,38.86,14301503.0,BP,0.8554,0.8672,0.854,0.8609,61.595,150.2978,149.5231
2026-03-03,155.43,156.049,150.3,151.83,25198873.0,XOM,0.8554,0.8672,0.854,0.8609,61.595,150.2978,149.5231
2026-03-03,82.58,83.37,81.545,82.33,10666305.0,SHEL,0.8554,0.8672,0.854,0.8609,61.595,150.2978,149.5231
2026-03-04,187.45,188.46,184.15,186.03,11054382.0,CVX,0.8611,0.8639,0.8578,0.8595,57.5306,149.9636,149.5627
2026-03-04,90.22,91.59,89.11,91.56,28457330.0,USO,0.8611,0.8639,0.8578,0.8595,57.5306,149.9636,149.5627
2026-03-04,82.475,82.98,81.57,82.7,5563757.0,SHEL,0.8611,0.8639,0.8578,0.8595,57.5306,149.9636,149.5627
2026-03-04,56.06,56.43,55.325,56.19,70732742.0,XLE,0.8611,0.8639,0.8578,0.8595,57.5306,149.9636,149.5627
2026-03-04,150.72,151.16,147.86,149.82,16764761.0,XOM,0.8611,0.8639,0.8578,0.8595,57.5306,149.9636,149.5627
2026-03-04,38.8,39.01,38.355,38.84,7551114.0,BP,0.8611,0.8639,0.8578,0.8595,57.5306,149.9636,149.5627
2026-03-05,39.28,39.49,38.925,39.3,11974712.0,BP,0.8595,0.8651,0.8584,0.8613,58.8966,150.0229,149.7223
2026-03-05,94.46,98.83,94.055,96.31,47311258.0,USO,0.8595,0.8651,0.8584,0.8613,58.8966,150.0229,149.7223
2026-03-05,151.0,152.33,149.47,150.76,22969271.0,XOM,0.8595,0.8651,0.8584,0.8613,58.8966,150.0229,149.7223
2026-03-05,56.53,57.06,56.08,56.48,85177811.0,XLE,0.8595,0.8651,0.8584,0.8613,58.8966,150.0229,149.7223
2026-03-05,186.6,189.97,186.49,189.9,13567158.0,CVX,0.8595,0.8651,0.8584,0.8613,58.8966,150.0229,149.7223
2026-03-05,82.94,83.48,82.27,82.94,6447577.0,SHEL,0.8595,0.8651,0.8584,0.8613,58.8966,150.0229,149.7223
2026-03-06,39.69,40.5963,39.335,40.44,23635306.0,BP,0.8613,0.866,0.8604,0.8607,59.567,150.22,149.9207
2026-03-06,105.38,109.98,104.53,108.77,68721956.0,USO,0.8613,0.866,0.8604,0.8607,59.567,150.22,149.9207
2026-03-06,57.15,57.34,56.17,56.57,68219040.0,XLE,0.8613,0.866,0.8604,0.8607,59.567,150.22,149.9207
2026-03-06,83.74,85.16,82.88,84.7,9924904.0,SHEL,0.8613,0.866,0.8604,0.8607,59.567,150.22,149.9207
2026-03-06,190.88,192.41,188.12,189.94,13073120.0,CVX,0.8613,0.866,0.8604,0.8607,59.567,150.22,149.9207
2026-03-06,153.15,153.8,149.96,151.21,21136427.0,XOM,0.8613,0.866,0.8604,0.8607,59.567,150.22,149.9207
2026-03-09,85.145,86.78,84.785,85.59,10234443.0,SHEL,0.8643,0.869,0.8591,0.8593,57.8288,150.5236,149.9899
2026-03-09,190.995,191.65,188.11,189.44,15987487.0,CVX,0.8643,0.869,0.8591,0.8593,57.8288,150.5236,149.9899
2026-03-09,119.42,124.07,98.47,104.33,143771885.0,USO,0.8643,0.869,0.8591,0.8593,57.8288,150.5236,149.9899
2026-03-09,56.84,57.15,55.94,56.32,88747415.0,XLE,0.8643,0.869,0.8591,0.8593,57.8288,150.5236,149.9899
2026-03-09,152.015,153.8899,149.47,150.44,25532656.0,XOM,0.8643,0.869,0.8591,0.8593,57.8288,150.5236,149.9899
2026-03-09,40.52,41.2,40.185,40.65,22075361.0,BP,0.8643,0.869,0.8591,0.8593,57.8288,150.5236,149.9899
2026-03-10,56.055,56.46,55.365,55.6,88817874.0,XLE,0.8593,0.8615,0.8569,0.8612,52.8466,150.3414,149.7419
2026-03-10,188.63,189.18,185.64,186.29,11999554.0,CVX,0.8593,0.8615,0.8569,0.8612,52.8466,150.3414,149.7419
2026-03-10,107.13,107.56,94.23,105.86,135401380.0,USO,0.8593,0.8615,0.8569,0.8612,52.8466,150.3414,149.7419
2026-03-10,85.59,86.12,84.41,85.11,8617498.0,SHEL,0.8593,0.8615,0.8569,0.8612,52.8466,150.3414,149.7419
2026-03-10,40.4,40.75,39.49,39.94,17491531.0,BP,0.8593,0.8615,0.8569,0.8612,52.8466,150.3414,149.7419
2026-03-10,149.25,150.4,147.7,148.13,19617590.0,XOM,0.8593,0.8615,0.8569,0.8612,52.8466,150.3414,149.7419
2026-03-11,147.99,151.81,147.66,151.58,15297412.0,XOM,0.8612,0.8649,0.8587,0.8645,58.5854,150.385,149.987
2026-03-11,85.65,87.46,85.65,87.4,5776376.0,SHEL,0.8612,0.8649,0.8587,0.8645,58.5854,150.385,149.987
2026-03-11,55.63,57.04,55.54,56.98,48743711.0,XLE,0.8612,0.8649,0.8587,0.8645,58.5854,150.385,149.987
2026-03-11,40.6,41.585,40.4,41.56,16385256.0,BP,0.8612,0.8649,0.8587,0.8645,58.5854,150.385,149.987
2026-03-11,186.59,191.86,186.49,191.79,11371742.0,CVX,0.8612,0.8649,0.8587,0.8645,58.5854,150.385,149.987
2026-03-11,105.03,108.36,100.99,108.05,80928896.0,USO,0.8612,0.8649,0.8587,0.8645,58.5854,150.385,149.987
2026-03-12,87.93,88.975,87.81,88.36,6540509.0,SHEL,0.8645,0.8687,0.8638,0.8686,61.4419,150.8314,150.4594
2026-03-12,57.13,58.215,57.06,57.51,69358707.0,XLE,0.8645,0.8687,0.8638,0.8686,61.4419,150.8314,150.4594
2026-03-12,41.76,42.4762,41.68,42.16,15577724.0,BP,0.8645,0.8687,0.8638,0.8686,61.4419,150.8314,150.4594
2026-03-12,152.265,155.0,151.63,153.53,26053965.0,XOM,0.8645,0.8687,0.8638,0.8686,61.4419,150.8314,150.4594
2026-03-12,115.69,119.13,113.91,118.39,93641511.0,USO,0.8645,0.8687,0.8638,0.8686,61.4419,150.8314,150.4594
2026-03-12,192.58,198.88,191.77,196.97,27151829.0,CVX,0.8645,0.8687,0.8638,0.8686,61.4419,150.8314,150.4594
2026-03-13,57.5,57.93,57.1,57.7,43374633.0,XLE,0.8687,0.8763,0.8672,0.8759,64.9043,151.2143,151.2141
2026-03-13,88.73,89.91,88.44,89.43,7055150.0,SHEL,0.8687,0.8763,0.8672,0.8759,64.9043,151.2143,151.2141
2026-03-13,196.0,197.63,194.69,196.82,13016954.0,CVX,0.8687,0.8763,0.8672,0.8759,64.9043,151.2143,151.2141
2026-03-13,42.26,42.83,42.04,42.67,14407479.0,BP,0.8687,0.8763,0.8672,0.8759,64.9043,151.2143,151.2141
2026-03-13,154.3,156.89,152.975,156.12,22414094.0,XOM,0.8687,0.8763,0.8672,0.8759,64.9043,151.2143,151.2141
2026-03-13,115.08,121.15,114.56,119.89,59716043.0,USO,0.8687,0.8763,0.8672,0.8759,64.9043,151.2143,151.2141
2026-03-16,156.0,157.78,154.76,157.23,22835633.0,XOM,0.876,0.8762,0.8675,0.8691,66.3009,151.7836,152.0163
2026-03-16,196.6,197.84,195.575,196.84,12683919.0,CVX,0.876,0.8762,0.8675,0.8691,66.3009,151.7836,152.0163
2026-03-16,57.76,58.1,57.27,57.9,39474322.0,XLE,0.876,0.8762,0.8675,0.8691,66.3009,151.7836,152.0163
2026-03-16,116.93,118.91,114.36,115.03,66869673.0,USO,0.876,0.8762,0.8675,0.8691,66.3009,151.7836,152.0163
2026-03-16,42.65,43.325,42.54,42.9,15163107.0,BP,0.876,0.8762,0.8675,0.8691,66.3009,151.7836,152.0163
2026-03-16,89.97,91.09,89.77,90.48,6492697.0,SHEL,0.876,0.8762,0.8675,0.8691,66.3009,151.7836,152.0163
2026-03-17,117.42,119.13,116.07,118.84,40127648.0,USO,0.8691,0.8721,0.8659,0.8665,68.2385,152.48,152.9221
2026-03-17,43.67,44.265,43.5101,43.85,18098354.0,BP,0.8691,0.8721,0.8659,0.8665,68.2385,152.48,152.9221
2026-03-17,92.0,92.95,91.69,91.97,5995570.0,SHEL,0.8691,0.8721,0.8659,0.8665,68.2385,152.48,152.9221
2026-03-17,158.25,160.45,156.8,158.81,21592171.0,XOM,0.8691,0.8721,0.8659,0.8665,68.2385,152.48,152.9221
2026-03-17,58.23,59.05,57.98,58.51,40137744.0,XLE,0.8691,0.8721,0.8659,0.8665,68.2385,152.48,152.9221
2026-03-17,197.485,200.58,196.46,197.97,14018581.0,CVX,0.8691,0.8721,0.8659,0.8665,68.2385,152.48,152.9221
2026-03-18,199.22,200.73,198.51,198.61,13305001.0,CVX,0.8665,0.8733,0.8653,0.8731,65.1248,153.1264,153.5445
2026-03-18,121.03,122.87,117.45,121.67,70647805.0,USO,0.8665,0.8733,0.8653,0.8731,65.1248,153.1264,153.5445
2026-03-18,58.74,58.97,58.43,58.43,42908021.0,XLE,0.8665,0.8733,0.8653,0.8731,65.1248,153.1264,153.5445
2026-03-18,92.37,92.925,91.96,92.75,7607911.0,SHEL,0.8665,0.8733,0.8653,0.8731,65.1248,153.1264,153.5445
2026-03-18,159.66,160.18,157.53,157.59,18947142.0,XOM,0.8665,0.8733,0.8653,0.8731,65.1248,153.1264,153.5445
2026-03-18,44.35,44.72,44.28,44.61,16789125.0,BP,0.8665,0.8733,0.8653,0.8731,65.1248,153.1264,153.5445
2026-03-19,199.79,202.44,199.0,201.44,16918429.0,CVX,0.8731,0.8738,0.8608,0.8628,65.9075,153.5307,154.1599
2026-03-19,58.87,59.72,58.52,59.36,69231382.0,XLE,0.8731,0.8738,0.8608,0.8628,65.9075,153.5307,154.1599
2026-03-19,91.625,92.63,90.96,91.19,12395639.0,SHEL,0.8731,0.8738,0.8608,0.8628,65.9075,153.5307,154.1599
2026-03-19,45.69,46.79,45.644,45.86,37659746.0,BP,0.8731,0.8738,0.8608,0.8628,65.9075,153.5307,154.1599
2026-03-19,120.4,125.19,114.68,117.36,96157253.0,USO,0.8731,0.8738,0.8608,0.8628,65.9075,153.5307,154.1599
2026-03-19,158.26,159.56,154.84,158.16,27082733.0,XOM,0.8731,0.8738,0.8608,0.8628,65.9075,153.5307,154.1599
2026-03-20,59.555,60.32,59.28,59.31,73003414.0,XLE,0.8628,0.8676,0.8622,0.8642,67.9591,153.92,154.8946
2026-03-20,201.4,205.08,201.0,201.73,35849471.0,CVX,0.8628,0.8676,0.8622,0.8642,67.9591,153.92,154.8946
2026-03-20,91.27,92.27,90.18,90.44,11218066.0,SHEL,0.8628,0.8676,0.8622,0.8642,67.9591,153.92,154.8946
2026-03-20,118.96,123.02,118.33,121.43,49738866.0,USO,0.8628,0.8676,0.8622,0.8642,67.9591,153.92,154.8946
2026-03-20,159.35,162.44,159.1,159.67,53942142.0,XOM,0.8628,0.8676,0.8622,0.8642,67.9591,153.92,154.8946
2026-03-20,45.35,45.69,44.655,44.78,28134370.0,BP,0.8628,0.8676,0.8622,0.8642,67.9591,153.92,154.8946
2026-03-23,156.115,161.42,155.02,161.13,25021288.0,XOM,0.8663,0.8707,0.859,0.861,69.8483,154.5843,155.726
2026-03-23,113.29,114.45,106.4501,110.56,91139736.0,USO,0.8663,0.8707,0.859,0.861,69.8483,154.5843,155.726
2026-03-23,88.65,91.07,88.33,90.71,12971417.0,SHEL,0.8663,0.8707,0.859,0.861,69.8483,154.5843,155.726
2026-03-23,43.03,43.96,42.68,43.57,41426836.0,BP,0.8663,0.8707,0.859,0.861,69.8483,154.5843,155.726
2026-03-23,198.625,205.36,197.37,205.21,15735739.0,CVX,0.8663,0.8707,0.859,0.861,69.8483,154.5843,155.726
2026-03-23,57.89,59.84,57.66,59.63,71027210.0,XLE,0.8663,0.8707,0.859,0.861,69.8483,154.5843,155.726
2026-03-24,161.71,167.48,161.25,165.38,26131824.0,XOM,0.861,0.8652,0.8598,0.8615,74.5522,155.6957,157.0132
2026-03-24,44.03,44.85,43.88,44.79,20145476.0,BP,0.861,0.8652,0.8598,0.8615,74.5522,155.6957,157.0132
2026-03-24,115.225,116.35,112.77,114.54,48623814.0,USO,0.861,0.8652,0.8598,0.8615,74.5522,155.6957,157.0132
2026-03-24,91.04,92.54,91.03,91.12,7487700.0,SHEL,0.861,0.8652,0.8598,0.8615,74.5522,155.6957,157.0132
2026-03-24,59.8,61.47,59.77,60.84,51207451.0,XLE,0.861,0.8652,0.8598,0.8615,74.5522,155.6957,157.0132
2026-03-24,206.05,209.79,205.81,206.79,16695527.0,CVX,0.861,0.8652,0.8598,0.8615,74.5522,155.6957,157.0132
2026-03-25,109.29,114.25,109.02,113.39,41976342.0,USO,0.8613,0.8654,0.8597,0.8651,68.7874,156.5886,157.8461
2026-03-25,163.87,165.0,162.93,163.26,17192333.0,XOM,0.8613,0.8654,0.8597,0.8651,68.7874,156.5886,157.8461
2026-03-25,44.835,45.645,44.78,45.41,11676649.0,BP,0.8613,0.8654,0.8597,0.8651,68.7874,156.5886,157.8461
2026-03-25,60.32,61.0,60.26,60.57,42680736.0,XLE,0.8613,0.8654,0.8597,0.8651,68.7874,156.5886,157.8461
2026-03-25,206.0,207.24,204.62,205.15,8865023.0,CVX,0.8613,0.8654,0.8597,0.8651,68.7874,156.5886,157.8461
2026-03-25,91.49,92.24,91.37,91.88,5416926.0,SHEL,0.8613,0.8654,0.8597,0.8651,68.7874,156.5886,157.8461
2026-03-26,206.03,209.2099,205.16,207.79,11085594.0,CVX,0.8651,0.8681,0.864,0.8673,71.2389,157.6043,158.8573
2026-03-26,45.73,46.68,45.645,46.17,18824291.0,BP,0.8651,0.8681,0.864,0.8673,71.2389,157.6043,158.8573
2026-03-26,91.91,92.7,91.48,92.16,6423717.0,SHEL,0.8651,0.8681,0.864,0.8673,71.2389,157.6043,158.8573
2026-03-26,116.73,118.94,115.2,117.26,42398638.0,USO,0.8651,0.8681,0.864,0.8673,71.2389,157.6043,158.8573
2026-03-26,164.09,165.68,162.06,165.43,18625249.0,XOM,0.8651,0.8681,0.864,0.8673,71.2389,157.6043,158.8573
2026-03-26,60.67,61.86,60.59,61.52,54967638.0,XLE,0.8651,0.8681,0.864,0.8673,71.2389,157.6043,158.8573
2026-03-27,61.53,62.79,61.26,62.56,59553212.0,XLE,0.8674,0.8693,0.8659,0.8687,76.3618,159.0721,160.475
2026-03-27,46.06,46.75,45.92,46.68,15921331.0,BP,0.8674,0.8693,0.8659,0.8687,76.3618,159.0721,160.475
2026-03-27,91.67,92.7425,91.46,92.17,7221823.0,SHEL,0.8674,0.8693,0.8659,0.8687,76.3618,159.0721,160.475
2026-03-27,208.15,212.455,206.25,211.15,13907755.0,CVX,0.8674,0.8693,0.8659,0.8687,76.3618,159.0721,160.475
2026-03-27,120.79,125.3,120.47,124.2,32843747.0,USO,0.8674,0.8693,0.8659,0.8687,76.3618,159.0721,160.475
2026-03-27,165.58,171.23,164.8,170.99,30338313.0,XOM,0.8674,0.8693,0.8659,0.8687,76.3618,159.0721,160.475
2026-03-30,93.5,94.095,92.45,92.74,9060849.0,SHEL,0.8677,0.8738,0.8673,0.8721,76.7469,160.7393,161.941
2026-03-30,213.26,214.71,210.29,210.71,10409045.0,CVX,0.8677,0.8738,0.8673,0.8721,76.7469,160.7393,161.941
2026-03-30,47.29,47.6593,46.82,47.35,22732389.0,BP,0.8677,0.8738,0.8673,0.8721,76.7469,160.7393,161.941
2026-03-30,63.13,63.46,61.78,61.96,49750120.0,XLE,0.8677,0.8738,0.8673,0.8721,76.7469,160.7393,161.941
2026-03-30,172.505,176.41,171.05,171.47,29813504.0,XOM,0.8677,0.8738,0.8673,0.8721,76.7469,160.7393,161.941
2026-03-30,126.84,130.0799,126.31,129.83,40484941.0,USO,0.8677,0.8738,0.8673,0.8721,76.7469,160.7393,161.941
2026-03-31,94.48,94.9,91.23,93.0,11733723.0,SHEL,0.8721,0.8735,0.8647,0.8654,71.9849,162.0307,162.9702
2026-03-31,62.04,62.83,60.035,61.26,94766929.0,XLE,0.8721,0.8735,0.8647,0.8654,71.9849,162.0307,162.9702
2026-03-31,210.9,213.1,201.96,206.9,17403885.0,CVX,0.8721,0.8735,0.8647,0.8654,71.9849,162.0307,162.9702
2026-03-31,48.1,48.27,45.965,47.0,32813180.0,BP,0.8721,0.8735,0.8647,0.8654,71.9849,162.0307,162.9702
2026-03-31,172.67,174.38,165.97,169.66,32006724.0,XOM,0.8721,0.8735,0.8647,0.8654,71.9849,162.0307,162.9702
2026-03-31,129.35,130.93,124.2,127.25,58856878.0,USO,0.8721,0.8735,0.8647,0.8654,71.9849,162.0307,162.9702
2026-04-01,47.09,47.42,45.555,46.17,36898292.0,BP,0.8654,0.8658,0.86,0.8629,54.2123,162.5486,162.6781
2026-04-01,124.86,125.7315,122.48,124.09,45287023.0,USO,0.8654,0.8658,0.86,0.8629,54.2123,162.5486,162.6781
2026-04-01,93.26,93.68,90.94,92.03,15524377.0,SHEL,0.8654,0.8658,0.86,0.8629,54.2123,162.5486,162.6781
2026-04-01,201.99,204.78,194.91,197.41,23051863.0,CVX,0.8654,0.8658,0.86,0.8629,54.2123,162.5486,162.6781
2026-04-01,59.72,60.62,58.355,58.97,96652895.0,XLE,0.8654,0.8658,0.86,0.8629,54.2123,162.5486,162.6781
2026-04-01,165.77,168.0,159.53,160.78,37927639.0,XOM,0.8654,0.8658,0.86,0.8629,54.2123,162.5486,162.6781
2026-04-02,93.71,94.66,92.89,93.1,11348929.0,SHEL,0.8628,0.8688,0.8615,0.8666,54.0666,162.875,162.4131
2026-04-02,139.27,140.0,131.89,137.92,63983581.0,USO,0.8628,0.8688,0.8615,0.8666,54.0666,162.875,162.4131
2026-04-02,202.51,205.48,198.04,198.97,11528048.0,CVX,0.8628,0.8688,0.8615,0.8666,54.0666,162.875,162.4131
2026-04-02,60.53,61.01,58.98,59.25,60400533.0,XLE,0.8628,0.8688,0.8615,0.8666,54.0666,162.875,162.4131
2026-04-02,164.49,166.9,159.59,160.69,25377657.0,XOM,0.8628,0.8688,0.8615,0.8666,54.0666,162.875,162.4131
2026-04-02,47.69,47.99,46.65,47.12,29980742.0,BP,0.8628,0.8688,0.8615,0.8666,54.0666,162.875,162.4131
2026-04-06,138.505,140.89,136.38,138.94,28315539.0,USO,0.8681,0.8691,0.8641,0.8664,57.7112,163.3136,162.5407
2026-04-06,59.11,59.69,58.891,59.68,25474156.0,XLE,0.8681,0.8691,0.8641,0.8664,57.7112,163.3136,162.5407
2026-04-06,160.57,163.75,159.53,163.37,16344261.0,XOM,0.8681,0.8691,0.8641,0.8664,57.7112,163.3136,162.5407
2026-04-06,198.5,199.7699,196.351,198.86,8245691.0,CVX,0.8681,0.8691,0.8641,0.8664,57.7112,163.3136,162.5407
2026-04-06,47.23,47.51,46.77,47.48,7255637.0,BP,0.8681,0.8691,0.8641,0.8664,57.7112,163.3136,162.5407
2026-04-06,93.0,93.66,92.34,93.64,4428306.0,SHEL,0.8681,0.8691,0.8641,0.8664,57.7112,163.3136,162.5407
2026-04-07,59.81,60.77,59.79,60.16,38811700.0,XLE,0.8663,0.8677,0.8615,0.8624,58.427,163.6779,162.7232
2026-04-07,164.22,166.24,161.77,163.91,25227501.0,XOM,0.8663,0.8677,0.8615,0.8624,58.427,163.6779,162.7232
2026-04-07,94.12,94.655,93.485,94.15,6946639.0,SHEL,0.8663,0.8677,0.8615,0.8624,58.427,163.6779,162.7232
2026-04-07,141.33,143.98,130.0,138.08,50936426.0,USO,0.8663,0.8677,0.8615,0.8624,58.427,163.6779,162.7232
2026-04-07,199.97,204.62,199.24,201.54,11672585.0,CVX,0.8663,0.8677,0.8615,0.8624,58.427,163.6779,162.7232
2026-04-07,47.09,47.765,47.04,47.24,11640003.0,BP,0.8663,0.8677,0.8615,0.8624,58.427,163.6779,162.7232
2026-04-08,56.68,58.19,56.18,58.05,88023628.0,XLE,0.8624,0.8628,0.853,0.8573,46.386,163.58,161.8561
2026-04-08,153.52,156.35,150.98,156.22,31311201.0,XOM,0.8624,0.8628,0.853,0.8573,46.386,163.58,161.8561
2026-04-08,90.13,92.16,89.6802,92.01,10227871.0,SHEL,0.8624,0.8628,0.853,0.8573,46.386,163.58,161.8561
2026-04-08,119.055,125.23,118.06,124.58,52449284.0,USO,0.8624,0.8628,0.853,0.8573,46.386,163.58,161.8561
2026-04-08,191.41,193.17,188.6,192.89,17195447.0,CVX,0.8624,0.8628,0.853,0.8573,46.386,163.58,161.8561
2026-04-08,44.7,45.975,44.165,45.89,18874440.0,BP,0.8624,0.8628,0.853,0.8573,46.386,163.58,161.8561
2026-04-09,156.86,159.23,154.31,155.04,25868377.0,XOM,0.8573,0.8583,0.853,0.8546,44.8583,163.3571,160.9473
2026-04-09,194.31,196.67,189.27,190.36,11633996.0,CVX,0.8573,0.8583,0.853,0.8546,44.8583,163.3571,160.9473
2026-04-09,58.2,59.02,57.11,57.33,55088507.0,XLE,0.8573,0.8583,0.853,0.8546,44.8583,163.3571,160.9473
2026-04-09,127.19,129.64,123.06,126.96,44214797.0,USO,0.8573,0.8583,0.853,0.8546,44.8583,163.3571,160.9473
2026-04-09,46.3,47.2051,45.58,45.9,13730212.0,BP,0.8573,0.8583,0.853,0.8546,44.8583,163.3571,160.9473
2026-04-09,92.09,93.05,90.935,91.09,6230114.0,SHEL,0.8573,0.8583,0.853,0.8546,44.8583,163.3571,160.9473
